,uri,title,album_date
0,6pZj4nvx6lV3ulIK3BSjvs,Moana,2016
1,2lfqRceJLjF8rSeo5P7SWW,Frozen,2013
2,4ZZvKnA1YJ2KcwjMmHBinq,Holiday Inn,1942
3,3rDo7fQDUwJ6qmxwP5yQsY,Home Alone,1990
4,5n47Dui0H3pGpZSOxITmoq,Grease,1978
5,2PDlvc7K51qC4Bkali3q0R,The Twilight Saga: New Moon,2009
6,1wbY6VUchNsZLaDi22eD3J,Hercules,1997
7,29EiOQJnxWlX5nVOWQpu3u,Aladdin,1992
8,1iGIqDBXm5HpTqHCvdc4QP,The Twilight Saga: Breaking Dawn - Part 1,2011
9,0nQJa9mRvan1HnkwbYuxAN,La La Land,2016
10,3AhP76AusdcJ9sZ4XgUcEc,Beauty and the Beast,2017
11,3B61kSKTxlY36cYgzvf3cP,Interstellar,2014
12,0CcL28OkH89kjgKpNZC8sW,The Princess and the Frog,2009
13,3Xiz5kq12VOzTw9Kun7m0f,Cars,2006
14,2y9VYOpp4YPlJ3HPiRxtqa,Sing,2016
15,28jbQJCBOGrZHnrkTb6uw5,Friday,1995
16,02VRifrsiTM73hPGjXduRQ,The Theory of Everything,2014
17,1zszC1x9HYKxUCKVa62p7C,Tarzan,1999
18,4iEg2hitHOT0fRpsReCqAH,The Polar Express,2004
19,7gzX88qS3Vx2r87g5pbdfJ,"O Brother, Where Art Thou?",2000
20,5VML6S956h4YfoYPooqLEi,Fifty Shades Darker,2017
21,4jzv8VHqVBSt6wHCNHpWZv,Home,2015
22,531pUFZ1BbEhfXDxitF8TU,Call Me by Your Name,2017
23,0MVa9A8tUgkPz1TJnX0C6C,Annie,1982
24,5yN2LiMaA7nEXT35GW4hNu,Up,2009
25,65jNkB2GjWLUZ223XmuKLT,Burlesque,2010
26,0mtLFaQ3hL371jsNraRo9g,Dirty Dancing,1987
27,1QN1oNiNm33SVenYlW7ADL,Robin Hood,2010
28,3X6netsswLt0U97Doga56C,Zootopia,2016
29,6kFJhsN8drSfWwL493qK0c,Despicable Me 3,2017
30,2kJpuz9FOqX5riMjGwihhY,Finding Nemo,2003
31,04rz93AqGy9JduzV3K81Dh,The Lord of the Rings: The Fellowship of the Ring,2001
32,4Qe057XqKloVNhnPohj6Yo,Pirates of the Caribbean: The Curse of the Black Pearl,2003
33,3R6Z3Hp8EMdhgkA5t89NiL,Flashdance,1983
34,3xU6u2UadKV6gHjlXdJvqZ,Despicable Me 2,2013
35,7Dr08Oi3zxdCzmFulSXSs2,Ratatouille,2007
36,1YrocR69AHthl982tykNpQ,Pete's Dragon,2016
37,7f0cdftcxwu61TCHkwVrs0,The Book of Life,2014
38,1rwMhGTCp0D6CN2XKQjyQt,Whiplash,2014
39,0mahHDhPnuYMbo3sXOEW50,The Muppets,2011
40,7lWMvhvTB4H9TWZM1IX12Q,Into the Woods,2014
41,2xXblCIb5G6ji70efT7THx,Harry Potter and the Half-Blood Prince,2009
42,5C6579KEvJj9AWaZtjSflC,Dune,1984
43,3MCUHjDo3wSm2QuLh1Fyrf,The Hobbit: The Desolation of Smaug,2013
44,72FOmF0bBxV9zPY1463mmM,Big Hero 6,2014
45,1sNK9vLvzIo626GznCEsBN,Inside Out,2015
46,6lJrqUXdCpEINx1fi5EqMa,The Twilight Saga: Breaking Dawn - Part 2,2012
47,1cQHbrCsJXugmk5Ki8Ub0B,A Monster Calls,2016
48,1cuE3waPR1CDFUpYd6fX12,Saving Mr. Banks,2013
49,1ZjhC3CL1GLbPQbU6lKtow,The Hunger Games: Catching Fire,2013
50,4oxdKcC9epGo9viy1j8fN7,The Harder They Come,1972
51,1wJZSN3VrWTR8OcFJ4lp9I,The Holiday,2006
52,1kA4RO70idrEQkOX3zlRfa,West Side Story,1961
53,2D29csBmorIMYOFf60TuZe,Repo! The Genetic Opera,2008
54,6v6VCAaPl3G08OeNhuk6za,The Hobbit: An Unexpected Journey,2012
55,5O5pnKHDJrwvL6w9Ne1mka,Oblivion,2013
56,61n9hzk4CiJRrCmrEfBXRJ,Ghostbusters,1984
57,3q1e0dxZARuaHxZkLzgErK,Scott Pilgrim vs. the World,2010
58,11RrIE8R4WdmybwaItRa97,Braveheart,1995
59,5bxgDFR2u7XiGmmfPRC881,Elf,2003
60,7hguux6E8wOGlNsKnZB6Sz,"Monsters, Inc.",2001
61,4Kw7yE7xBZdHrvkTswoQq4,Love Actually,2003
62,0mefrJRDTY0Q1eVZVqAAYU,If I Stay,2014
63,6XO1cCSYT0ZrhNBotUEqMB,Hairspray,2007
64,2K4lTHYqxfUrgPiuqTCdSb,Tangled,2010
65,3y7Mwv7UqhABQqsGlzSL6n,The Crow,1994
66,6Jv7Yo0ihit4JyxvjQLUhb,Another Cinderella Story,2008
67,1zIoYLpYOq8d4HFzHJ7vc8,The Lord of the Rings: The Two Towers,2002
68,009d83fu2guwouIwqr7i9E,Shrek 2,2004
69,0oDldtN1DXlRFL0zNfc1ux,The Muppet Movie,1979
70,4cO51KBYsdsbmSZleoNEGH,The Blues Brothers,1980
71,6lIQ5tZM2fhJuAgeL5eQ7e,Me Before You,2016
72,4p3vsVeyQh9bCHmAccRDL0,John Wick,2014
73,34OCKs861Ot5CwDfTYksLe,Twilight,2008
74,4DduywjewTFQCcshWzXhMh,The Lizzie McGuire Movie,2003
75,2GeOWKMUCQg9WozQfy58r4,Meet the Robinsons,2007
76,5WmlAFcF8ERAnUvYrwJt91,Man of Steel,2013
77,3vARhx9vwOve3Xdu06vM8S,The Dark Knight,2008
78,3wvpIkfl4oOgZLMaQBWadf,The Avengers,2012
79,0Dmq3geiHxPk20sTt8sXxy,Fame,1980
80,3i5Qw5hFvhY9Zms1gPVVkW,Nocturnal Animals,2016
81,57Wdjt6tJU2Mv51NRdpUoD,Captain Underpants: The First Epic Movie,2017
82,3fUKGTsiYL1kSroBWBLmmR,Star Wars: The Force Awakens,2015
83,5xjaz957o6YGSXmlfd2tex,Ae Dil Hai Mushkil,2016
84,3tpJtzZm4Urb0n2ITN5mwF,Full Metal Jacket,1987
85,2fUdfKoSrzobcPZ4bCSmJR,Kung Fu Panda,2008
86,55vwcYaWuzfVjbZKt7nW1D,The Dark Knight Rises,2012
87,6H71erprmvRxnWs3XqC8uE,Kal Ho Naa Ho,2003
88,5eQEdvd6pq0uo2pQa56aUH,Pirates of the Caribbean: Dead Man's Chest,2006
89,38x0H9PdY1fHh8EdfPUXqa,The Lord of the Rings: The Return of the King,2003
90,5lExQTV6ELzqRgwsqahZoh,Kabhi Khushi Kabhie Gham,2001
91,1WXtfqXeeROVckzEtoYvdk,La Bamba,1987
92,1Q9pYTcpVfz0eJTZZczELy,Student of the Year,2012
93,13t8iDyl1vkhPcO3Zl29a9,Ajab Prem Ki Ghazab Kahani,2009
94,5Gqln6CvkfVOlDq1ne1usV,The Incredibles,2004
95,2KzyelryS6nT7x2vDOxPlF,The Wizard of Oz,1939
96,4KFyuG1e7yTOknV9Pm893S,The Lost Boys,1987
97,29hqrN41d2drBr9xp9rMKo,Rock of Ages,2012
98,0ogV7CBV00ONXAVx4tm0gk,Life of Pi,2012
99,7ubvuN0J0CPRUa2JUE2pxM,Sing Street,2016
100,4xj5LGumbT2M7wq25RLNjl,Monsters,2010
101,5AUaqhd50uf80bWumH9HFr,Minions,2015
102,4J9mOsvXXsEy7ocReEwBBP,Far from the Madding Crowd,2015
103,2pBzQQ2NGZSIFv9ehTROhS,Cars 3,2017
104,417xbxLCqpAckgc6Kk1zg0,John Wick: Chapter 2,2017
105,2CsfKW5tze2DZKq49iARk1,The Imitation Game,2014
106,676FxUf8KIxyd45f2fvXaR,The Revenant,2015
107,5djDvf7OozECsKzEB04uYg,Batman Begins,2005
108,6UtJtWa2IqLnRYHRPIhaNC,Lion,2016
109,1OVF4Ls0TgBVe8rMdUqcyz,King Arthur: Legend of the Sword,2017
110,0aMv03wMvTndzvWp8FuS4P,We Are Your Friends,2015
111,4AODHfxPGTDLHyAyMWQi52,Pirates of the Caribbean: Dead Men Tell No Tales,2017
112,7c6qrFOyCTUvmLcayRQ2G9,He Got Game,1998
113,11c2pVVBENFMufPqJMIC3R,The Amazing Spider-Man 2,2014
114,3NDwrDoBKwmBQYz4emr9P7,The Jazz Singer,1980
115,6h5p1LLfhcyYHnSVdlghJT,Rogue One: A Star Wars Story,2016
116,3Z1dw9cLeFAyhvkXdn6P5G,Muppets Most Wanted,2014
117,2ayJFbJkkZtMkPbden2vh4,The Secret Life of Pets,2016
118,0eEZX45VOaWms7TTjVn7dQ,Fantastic Beasts and Where to Find Them,2016
119,20Am1bee946Kdace8R9bC0,The Lego Batman Movie,2017
120,1S27vSJrXuHXiBOolInF0j,Finding Dory,2016
121,4hYTERVUXY74XJdm8tyXBV,Kabhi Alvida Naa Kehna,2006
122,0QjHgymCkjqHShm0iSyrEP,Everest,2015
123,0GqBF7BpSBxXSyRd5ouCrj,Country Strong,2010
124,2zGkIyUeYV5NVS8z3MUGE8,Peter Pan,2003
125,4MzefJUmigFTnjful2wuum,Dostana,2008
126,3fKas0iq7DWAylIQxGEIQW,Drive,2011
127,09AmTEo0Po8vC2WDcpviAT,Dilwale,2015
128,5WVPtycFFSm3uGhufMKwGn,Grease 2,1982
129,1zqfyMgA1aXwVDbukfqSdE,Batman,1989
130,4NCaxImo95pQKUonZwKtRA,Maleficent,2014
131,6Hv7UZCLx4kCYZCY0kBbZc,Shrek,2001
132,72B4nP6lGLaenlP8Bdrrrj,Jesus Christ Superstar,1973
133,5evArWgt3lYByavFqzbo5x,Moonlight,2016
134,7o3egq23BKR7OCn5dlpFan,The Hobbit: The Battle of the Five Armies,2014
135,5ZA52EwvGmwTQvHaLujhry,Race,2008
136,5CuCzQvtWe5Pbhmy5o12Lv,Fury,2014
137,2pLC40gyEsQljWWBV3zA1T,The Secret Life of Walter Mitty,2013
138,5VMeOsRr2wyELrgfz2rkHp,Mean Girls,2004
139,21BM0AFtpOMPdrcvo66TNK,Singin' in the Rain,1952
140,30KqtKSWR8OQe0mB4EdepA,Lone Survivor,2013
141,5wo7l7l6PUIspZFPfSHqDL,Friday Night Lights,2004
142,4SPHfSWibeoFCSdR4vd5QL,I Hate Luv Storys,2010
143,5ioofsYWPJb5tIfIlPAOIh,Ice Age: The Meltdown,2006
144,2pqi0hewWOKo9uDVLpCVoh,Jurassic World,2015
145,2cPrhNz2hyRJOtiwFOiiJ9,Joyful Noise,2012
146,4rgkKwVNM3Y1pfb3WfKj9C,That Thing You Do!,1996
147,3nWTffckeFVKV26BNZgKCl,Captain America: The Winter Soldier,2014
148,5df4xBKQQdA8oAfbFmc3Vu,It Follows,2015
149,27YqHl98smrAG30ip7VumZ,Empire Records,1995
150,3bqIzWWbArrjJ963HKeZcd,Taal,1999
151,1Z4BjsVx8KRQwegUl2zJ2R,Belly,1998
152,0KAhv0UFmkjf2MpTFh0KNd,Wonder Woman,2017
153,1fzE65RP7Gyhi8hdOv8eRQ,Wake Up Sid,2009
154,7sVzilmsqYcLMYw2gtvoZM,Hamari Adhuri Kahani,2015
155,3aE3jpLLfDpmAb0mhxB5tm,The Jungle Book,2016
156,24C47633GRlozws7WBth7t,Raanjhanaa,2013
157,6S1Asg9LqgrbnJdD8RaIpf,Cloud Atlas,2012
158,73JQnkZK21PuqE4qF3TLJE,Ex Machina,2015
159,2dTEXpN7fg9cJPKCCyDJ1y,Thor: The Dark World,2013
160,6nOhQTzY8IZPRcYpkfZOsl,The Duchess,2008
161,3Tx8adY1323eMrMuvPILpl,Footloose,1984
162,1VU7NezUvswRnFjNM0M5li,Frida,2002
163,4tZDwN2NOtYDJn89BykDWs,Sucker Punch,2011
164,2HZl13JCi3PIaqVlIkp4q6,Shor in the City,2011
165,4eouZPpapIAd6TvYkUTGDq,Sherlock Holmes,2009
166,4vIepEwe574y5L4UCJZGo4,Rocky IV,1985
167,6JzPRHDXP5soq9zjamRB3f,3 Idiots,2009
168,5b5tWFo32wYBLMweeiL8vE,Pan's Labyrinth,2006
169,08mwGyGDeg0Bzq0T2Y8XVJ,Song of the Sea,2014
170,4B4Ii8d9SyuIiPDrmhcGGw,Spider-Man,2002
171,4m2xhUYfu1TIPoSDpQAOp8,Fast Five,2011
172,3vZyva1XWxRbf0wq4MsU8q,Wolf Children,2012
173,5PdccyECX3DIvmmdQY7FKT,Romeo Must Die,2000
174,1zL9YEXPZXUPNiTXHqN4Fq,Shin Godzilla,2016
175,7x6etI9jQ2ePxZUOQaPrbi,Iron Man 3,2013
176,0HYwlr4Y6ZSIV4gvHw4xX8,Little Miss Sunshine,2006
177,2dI9CqM7hsrg2g8HbrnAES,San Andreas,2015
178,3l4qPqECm6fywG03Rwke6r,Moneyball,2011
179,2f94UiknIeXlTlTZ9BF0kS,Alvin and the Chipmunks: The Squeakquel,2009
180,1KpQPJOBWeL8kmnwCzYcg8,Dunkirk,2017
181,1TK8mLZQbWPe4sRmkcWrIu,Rustom,2016
182,7v9wpgEnpEzEKf9eD2HhTI,Strange Magic,2015
183,2QENswe8i7Uaqgn9zbRKz3,Romeo & Juliet,2013
184,7jHwf1s7rFKZern6oM1tXo,Hacksaw Ridge,2016
185,6s5XrCUL5rv4Weci7HpiTE,Prince Avalanche,2013
186,3aQNN5zuOmA20K0CNlI1O7,Justice League,2017
187,3GDfBsNm22NeGSP2vQDWnO,Arrival,2016
188,6n3lkcNDBGpEm8rucmbFbm,The Day After Tomorrow,2004
189,4V5NGY2W2YFPraym1XI3Up,Carol,2015
190,1jxQ99vwL9ca4wEVJMjSY7,The Notebook,2004
191,1Gg3Ri53uoV4dA3mJjvYFg,Ender's Game,2013
192,3LIMxY8oQG9c70DWKe0iHN,Inherent Vice,2014
193,1FuLQGtfibFyfzSDDiEUhK,Mission: Impossible III,2006
194,04FRFSqcTfN9zfmFfzhbHn,Sicario,2015
195,29njH6pDF6JE65D2VJbAxW,Dear Zindagi,2016
196,3m5FIubiCHr9mH3BU7ngY4,Bhaag Milkha Bhaag,2013
197,2YwDj8TchnUvnxekoIcQ0X,Blood Diamond,2006
198,2zzis85l9bKu77F69OgvB5,Our Idiot Brother,2011
199,3xK8rPlzF8LDHIIVYsDJUD,Dangal,2016
200,3ma0m844SCFpeSFTv7uaKR,Kingdom of Heaven,2005
201,6zS7xswcMZXYhMmlPOUjob,The Goonies,1985
202,37qzw0lNg3SP6vwwGCHEnr,The Victors,1963
203,77beXvHr5Kv4quZN2CupvP,The Little Prince,2015
204,0L2WN9LAyXX4ESG8BcDmPc,The Chronicles of Narnia: The Voyage of the Dawn Treader,2010
205,4gecrZPdDxMlVxBtpobpxr,Thor: Ragnarok,2017
206,58rfEEYCmEImlPaaqQddVF,Vaaranam Aayiram,2008
207,6c37nZLIRbHWwBIIv6QI1p,Raiders of the Lost Ark,1981
208,3y8MjpBVOSPzJLdgUGNIZQ,Toy Story 3,2010
209,4E6rpd9IcOfe6X8mErzVxf,Saawariya,2007
210,153Qw0xXJqhEFxvm9M9rE8,Jannat,2008
211,2N6behUxuH2T3YUBoAjJkM,The Good Dinosaur,2015
212,31t5VHeKkbI40EJskmTGGV,Oldboy,2013
213,0oLE7gLc5TVEsJzuY6Dxf5,Indiana Jones and the Kingdom of the Crystal Skull,2008
214,0LyzNAE15Wa1bYbvg10gFh,Leap Year,2010
215,1h4VIVpLvycmVgk021TBpM,Crimson Peak,2015
216,74wV2lmFaeLdSny2CU7EQw,Gravity,2013
217,7BNrUfFSDHEbj1hi12yjdj,Fight Club,1999
218,4Sp6HR4bYIsiOBO9pPaZv8,The Angry Birds Movie,2016
219,6GkCNL04b2s4FVz17bONur,The Man with the Iron Fists,2012
220,4J3xFfnjMRpHtyf5PjILtT,School Daze,1988
221,2axiSa5DMXwN5woIV4YKNn,The Secret Garden,1993
222,4gfQXwBWd8OqMzc1HfBLhT,Rudy,1993
223,0xJzVmrwTmCvzaXWzE7jbP,Avengers: Age of Ultron,2015
224,6p7BYuiDnvViobTe62L3bC,Safe Haven,2013
225,0N7JnJmKC0K8CIDdZSC3w3,Swiss Army Man,2016
226,54bvfCjhLWtn4pNFIUK7kG,Angels & Demons,2009
227,1iBtb33FA1k2wYLoPDisrs,Independence Day: Resurgence,2016
228,7CpMmkbbeGx8TIYdgCSRJ2,Kung Fury,2015
229,55bMp8gRTHGdosVQ1aR02i,Atomic Blonde,2017
230,0C8pr3dnMPistlH58MkMc4,Marie Antoinette,2006
231,6Rppm3cesOg9mL5oaIeLCc,The Green Mile,1999
232,3Cfjb8PWFgaQsqzM2MFvB5,Anna Karenina,2012
233,7dOhWd2mzAxFogccMQWAg0,Kubo and the Two Strings,2016
234,1iyLkKp8f8XZjOxDD2PEo9,Beetlejuice,1988
235,3EnOwzB0GDpmVlEzJhOmNR,10 Things I Hate About You,1999
236,2SNJN8cmx15IVdSa5jJCVR,Hook,1991
237,0uuZrEIgmnp4tQ3VkNLXAc,Unbroken,2014
238,6Zq4OcZiPT67HUaWmuJ17U,Broken Bridges,2006
239,4Xs7sSHC66tRyOs3YC6ZOf,Rad,1986
240,3no67gL83nX0P3Uzcojd67,Alaipayuthey,2000
241,4VVDHVgGIOh68k2VRq9tq0,The Chorus,2004
242,2smWQvJn9iIdStfXgX96rs,Passengers,2016
243,58KM0sPteBvwVW6skGRHFh,Gangster,2006
244,4d1o8H5QwEsE6vdxOlC5e3,The Pink Panther,2006
245,1ewzcnxwhekq50IMd864PW,Spider-Man 2,2004
246,2BLgCI5sxPWSQGMB3B3Ogf,The Mortal Instruments: City of Bones,2013
247,5PsWxlYQv7GXgaoIJOFL13,Zeher,2005
248,4LMSN7t3x1EWxDOQ6Edwii,A Beautiful Mind,2001
249,353eZMTNYcc3dexQnYlR9c,The Man from Snowy River,1982
250,5DZgFdwM8RGwbJitZqBzLJ,Unfaithful,2002
251,5lHQWSstGnxcAfip0r211z,Anonymous,2011
252,07i90t8l9cUO9lFadyRhuy,In Bruges,2008
253,67AQYozIYt2Lhrt06Wvb4X,Planes: Fire & Rescue,2014
254,2pFjqf5MkCztFXzESZnJz2,Columbus,2017
255,79P32NOcAdnKotwyDyzUDe,Dumb and Dumber To,2014
256,6EVtpOzBrLCJ1xWqnlqfEa,American Gangster,2007
257,4oCncE7KIofq3NDgZRXpop,The Danish Girl,2015
258,79bDOVRjT4e6vSQZsGHnTW,Solaris,2002
259,5bobERbX18vZzl9NNrIHUT,House Party,1990
260,7ahToOBO47o9hvvhmnshVe,Eagle Eye,2008
261,3P0IdfR7f64xcXtWjbkEVe,Mad Max: Fury Road,2015
262,0bDXd7IS80PviZzTNUvZyz,Surviving Christmas,2004
263,1hu9GSsmHdixMdQMcmg59m,Umrika,2015
264,7mS372WUVmnC57NSn4447W,X-Men: Days of Future Past,2014
265,5nkRvjMyEwsBIteO0tnO4Y,Manglehorn,2015
266,6zrPKpcz1dKsWWqQGICVrg,Funny People,2009
267,57JDZNjlc0W3oQJjOscraH,Indiana Jones and the Last Crusade,1989
268,2zP4O1d0NFT6XdlyYHzDFV,The Time Machine,2002
269,1dYVmDc5VJmJXFLY08jXLY,While You Were Sleeping,1995
270,6EB2m0JP7libPTesn4kT2Z,Spectre,2015
271,1RjfqRZ2wDniTD5ahkbOgo,Captain America: Civil War,2016
272,0KRdwpsJJjZXq5spIpVXse,The Island,2005
273,6ae3Z1g2G35RSOFkHL3SBt,Unforgiven,1992
274,3z8LjM95Ft3bWoT9BfEo6G,Kalyug,2005
275,5uJRXPfj1sLSwYvgznuPix,Bye Bye Birdie,1963
276,55u7T3JsWea8VeODP5ivB6,Sister Act,1992
277,2cn6DXanZWGYjUcslSIwWD,Endless Love,2014
278,4GyuULzfppvVtAdHivwdGF,A River Runs Through It,1992
279,7rQN7PzgnjfUPRz9ATLbg6,Happy Ending,2014
280,6MBvYkONMH2ubpADEghFSr,Mo' Money,1992
281,3u04rTgOYkILUtXzreNszQ,Spotlight,2015
282,2o2zBJaUdrrHzMFOXNvdBW,Elysium,2013
283,6jj4QJG5qQFmQT9FnuSs4h,The Bourne Identity,2002
284,7cySEIjLUYaMv6y34i0N4H,Brigsby Bear,2017
285,0MlB0j9pme5zL2IxTTZWAM,National Treasure: Book of Secrets,2007
286,0hvxA5cmM7GmXxYSd3kkK5,Cinema Paradiso,1988
287,68uopVcm97Lo9oCvRBFmqo,Charlotte's Web,1973
288,0vAlihPeKjQZ4NMJHHwiXY,Vicky Cristina Barcelona,2008
289,6wPH1lr981DPescgIMqYKZ,The Life Aquatic with Steve Zissou,2004
290,4HprkLzO577tGz5JFlg5uV,The Maze Runner,2014
291,20gToc2WrKuZEAMnZTjJ5s,Sanam Teri Kasam,2016
292,62SMidakReHDqFHZ8qB5R1,The Man from U.N.C.L.E.,2015
293,6wLxqu3cGnJoJZyiA3Pe10,Doctor Strange,2016
294,56vMn2mNzMjxLzbnMg3IID,Rowdy Rathore,2012
295,1IYNvecQemjw2HnVPteEU7,American Hustle,2013
296,61cQuizKixGgQTi0Le6M8N,Kismat Konnection,2008
297,4zajT94baohLJbTI5TYydM,Badlapur,2015
298,5XyqDuYkkEyTWmjUfUfHpb,The Magnificent Seven,2016
299,5SKotVYCyEbrc2efbRMcsJ,Pardes,1997
300,1uiKBexNK0pTYbsmjGk683,Insurgent,2015
301,1qk3sInPYx02HkBi2OYO8y,Macbeth,2015
302,26t5mXFJxvVphBv2iRZwcX,Breakin',1984
303,4fUEL7asFtOIvOBRVPvTwO,Brooklyn,2015
304,2BDbCpQfHcojtlfR0Wes93,Captain Phillips,2013
305,5idbEvMrr6c2XiAZNBtkKm,Baazigar,1993
306,1ur6MeJuL3o7YqnLPRzolr,Despite the Falling Snow,2016
307,6XBC9UsX48MzHICIr9m0hj,O Kadhal Kanmani,2015
308,2jdo6AZlL4wLRgeOYTrxGb,Black Swan,2010
309,5RyWJx6ASGDuaEwVe0aWvG,True Romance,1993
310,1qqSMbmBj0NqFUlyqed44o,The Age of Adaline,2015
311,37w7jftstQX2iq7RgNRtuh,The Emperor's New Groove,2000
312,2bHV1Fv43x3gYPAdGZHdf6,Bazodee,2016
313,2cdVX8vJK06csC6TLMCdo7,Ice Age,2002
314,4VjqWzO8AsxgpOhjnbzJTr,21 Grams,2003
315,6r96hdMkVOrL81kW9D2U4L,Il medico della mutua,1968
316,1mtPb44pdInR7BxEBVEljF,Fathers and Daughters,2015
317,1Wbsq2OF6KPbGDfedG0XX6,Rangeela,1995
318,5MdxtYNgZJiZMegeZ3Qe1U,Prisoners,2013
319,1Wl2ksx5Tjm1OqAthYmPVc,The Bourne Supremacy,2004
320,03vOJD9TKf7hjwrakeYb8n,Creed,2015
321,29IZsEj13xjbIBODaUXrNa,Maidentrip,2014
322,2ni91Enmppk7MZvrLSmrkf,Omkara,2006
323,1lVSRxdGHvwqQh0JYD9zz3,Hungry Hearts,2015
324,3LnKjKx6JgHveOM4vlIBUA,Mr. Magorium's Wonder Emporium,2007
325,41sETAIYdCFy0MaGnaFPFQ,Indiana Jones and the Temple of Doom,1984
326,0L7VtXWMySVyhePPAtRlAN,Get Out,2017
327,7CHXmIYw1PDxJR5795csK7,Tootsie,1982
328,6BofosOJOkiCY5XVv28XdA,Baadshah,1999
329,6jdfKgPpi6wchdjDSkH74h,"Synecdoche, New York",2008
330,3AMXFnwHWXCvNr5NCCpLZI,TRON: Legacy,2010
331,2ZeHAc9olOJ70wqPjHXhZE,Pitch Perfect 2,2015
332,75p6D49hWX6bmG8PJFb02h,This Christmas,2007
333,4EHO6nIhB0OCyOY2vQ8yqX,Jane Eyre,2011
334,70P9doc1EAqyb36gRmaPcU,St. Elmo's Fire,1985
335,58BEJ01sL8wK5LV3TPyngC,Singles,1992
336,1Fw951OcmbeCmVnnNcRYrp,Forrest Gump,1994
337,0iOSxNFl6YhVjWxlzyq5T1,The Mack,1973
338,79l4BIW8SN0M7bZAGmP0EB,Hedwig and the Angry Inch,2001
339,7zp6npGMq8bwq6z9944ExA,Bicentennial Man,1999
340,2fpTGzqv5Cl2L590tw08zE,A Long Way Down,2014
341,4jLCHgrBujiZhpoDi2iIsN,Armageddon,1998
342,0Qpot9NbIjEEiDSV1jJ3iF,Forget Paris,1995
343,6lVvwa4VGJywXL8YPMQN3Y,We Were Soldiers,2002
344,5npe6B2eEGqG4g6jYk71Kb,The Mummy,1999
345,3bbdZdZQtCtnWEN5zG7Eyj,Robin Hood,1991
346,1YB6CYHc6LTLg0q8tBqFdm,Furious 7,2015
347,55gMu4AvAKCbCaGv3GIXgy,Star Wars,1977
348,6PH1qpo8wXTJnhZHnQi8YT,The Hunger Games,2012
349,3ArLEdO46J7zsEgnlyLmmp,Divergent,2014
350,1zNIDZncmWNpb1WkyfRPdH,The Karate Kid,2010
351,1oV4pg51THaPN4eJveWxHt,The Best Man Holiday,2013
352,24YoVjBTadmRW2Zhc9ou9S,Titanic,1997
353,1EqLdtiBSgULHA01ooROeY,The Last Samurai,2003
354,40JDNqFUzKmBSMEfDHPztO,The Shack,2017
355,17o7ljUmsa9MusgN2BjXwV,The Martian,2015
356,3tyR5RVv5Im9jzAirbGiXD,Sparkle,2012
357,2NGbXA2SwEaWNwlWY6SRK3,My Best Friend's Wedding,1997
358,4Gs8bZGNfuJRfVnzK2yMNu,Sweet Dreams,1985
359,71aKU2RUyaBJLslyH0WEAA,Manhattan,1979
360,6QJyng3nLtEXaqy6WG5nEQ,Big Eyes,2014
